epoch,avg_loss,head_acc,mid_acc,tail_acc,overall_acc
0,2.300000,9.35,10.88,9.35,9.80
1,2.200000,7.74,9.09,10.89,9.40
2,2.100000,7.53,9.87,6.93,8.00
3,2.000000,10.07,12.75,13.86,12.40
4,1.900000,12.60,9.58,9.71,10.40
