{
  "timestamp": "20260315_204128",
  "eps_max": 0.2,
  "invert": true,
  "formula": "eps_max * (1 - count/max_count)",
  "num_classes": 10,
  "cls_num_list": [
    5000,
    2997,
    1796,
    1077,
    645,
    387,
    232,
    139,
    83,
    50
  ],
  "smoothing_vector": [
    0.0,
    0.08012000471353531,
    0.1281599998474121,
    0.15692000091075897,
    0.17419999837875366,
    0.18452000617980957,
    0.19072000682353973,
    0.19443999230861664,
    0.1966799944639206,
    0.1979999989271164
  ],
  "mean_eps": 0.15037599205970764,
  "min_eps": 0.0,
  "max_eps": 0.1979999989271164
}